sa3_name, sa3_code, oop_cst_gp_attnd_50th_percile, perc_patients_gp_csts, remoteness_socioeconomic_status
"Brunswick - Coburg","20601",22,38.2,"Major cities - medium SES"
"Darebin - South","20602",26,54.4,"Major cities - medium SES"
"Essendon","20603",21,42.8,"Major cities - higher SES"
"Melbourne City","20604",30,44.7,"Major cities - higher SES"
"Port Phillip","20605",31,56.2,"Major cities - higher SES"
"Sunbury","21004",11,24.1,"Major cities - medium SES"
"Tullamarine - Broadmeadows","21005",12,8.4,"Major cities - lower SES"
"Knox","21101",18,30.5,"Major cities - medium SES"
"Manningham - East","21102",23,48.8,"Major cities - higher SES"
"Maroondah","21103",20,39.8,"Major cities - higher SES"
"Whitehorse - East","21104",18,35.2,"Major cities - medium SES"
"Yarra Ranges","21105",18,37.0,"Major cities - medium SES"
"Cardinia","21201",15,27.0,"Major cities - medium SES"
"Casey - North","21202",16,22.3,"Major cities - medium SES"
"Casey - South","21203",13,18.9,"Major cities - lower SES"
"Dandenong","21204",13,14.7,"Major cities - lower SES"
"Monash","21205",18,34.2,"Major cities - medium SES"
"Brimbank","21301",13,13.0,"Major cities - lower SES"
"Hobsons Bay","21302",19,29.5,"Major cities - lower SES"
"Maribyrnong","21303",24,31.0,"Major cities - medium SES"
"Melton - Bacchus Marsh","21304",12,19.2,"Major cities - medium SES"
"Wyndham","21305",13,10.0,"Major cities - medium SES"
"Frankston","21401",19,31.7,"Major cities - lower SES"
"Mornington Peninsula","21402",21,52.1,"Major cities - higher SES"
"Stonnington - West","20606",34,64.0,"Major cities - higher SES"
"Yarra","20607",31,51.6,"Major cities - higher SES"
"Boroondara","20701",30,59.3,"Major cities - higher SES"
"Manningham - West","20702",19,33.1,"Major cities - medium SES"
"Whitehorse - West","20703",21,41.1,"Major cities - medium SES"
"Bayside","20801",32,67.2,"Major cities - higher SES"
"Darebin - North","20902",16,23.8,"Major cities - lower SES"
"Nillumbik - Kinglake","20903",21,50.2,"Major cities - higher SES"
"Whittlesea - Wallan","20904",12,14.4,"Major cities - lower SES"
"Keilor","21001",17,38.0,"Major cities - medium SES"
"Macedon Ranges","21002",18,43.0,"Inner regional"
"Glen Eira","20802",25,49.0,"Major cities - medium SES"
"Kingston","20803",20,41.2,"Major cities - medium SES"
"Stonnington - East","20804",33,65.8,"Major cities - higher SES"
"Banyule","20901",22,44.7,"Major cities - higher SES"
"Moreland - North","21003",15,24.9,"Major cities - lower SES"
