{"organisation":"AU_Govt_AIHW","name":"aihw_patients_spending_medicare_gp_sa3_2016_17","title":"AIHW - Patients Spending on Medicare - Out-of-pocket Cost per GP Attendance (SA3) 2016-2017","legal":{"copyrightYear":"2018","attributionYear":"2018","attribution":"{datasource.organisationTitle}, ({dataset.attributionYear}): {dataset.title}; accessed from AURIN on {dateOfAccess}.","clickthrough":false,"licenceType":"Creative Commons Attribution 3.0 Australia (CC BY 3.0 AU)","copyrightNotice":"&copy; {datasource.organisationTitle} {dataset.copyrightYear}"},"referenceSystemIdentifier":"urn:x-ogc:def:crs:EPSG:4283","geoLevel":"sa3_2016","key":"sa3_code","keyRegex":null,"availability":"true","geomField":"wkb_geometry","keyword":"population,health","theme":null,"temporalExtent":{"beginDate":"2016-06-30T00:00:00","endDate":"2017-07-01T00:00:00","selectTime":false},"type":"dataset","_id":"dataset-AU_Govt_AIHW-aihw_patients_spending_medicare_gp_sa3_2016_17-sa3_2016","bbox":null,"abstract":"This dataset presents the footprint of the percentage of patients with GP costs, and out-of-pocket cost per GP attendance at the 25th, 50th, 75th and 90th percentile. The data spans the financial year of 2016-2017 and is aggregated to Statistical Area Level 3 (SA3) geographic areas from the 2016 Australian Statistical Geography Standard (ASGS).\n<br/><br/>\n\nThe data is sourced from the Medicare Benefits Schedule (MBS) claims data, which are administered by the Australian Government Department of Health. The claims data are derived from administrative information on services that qualify for a Medicare benefit under the Health Insurance Act 1973 and for which a claim has been processed by the Department of Human Services. Data are reported for claims processed between 1 July 2016 and 30 June 2017. The data also contains the results from the ABS 2016-17 Patient Experience Survey, collected between 1 July 2016 and 30 June 2017. The Patient Experience Survey is conducted annually by the Australian Bureau of Statistics (ABS) and collects information from a representative sample of the Australian population. The Patient Experience Survey is one of several components of the Multipurpose Household Survey, as a supplement to the monthly Labour Force Survey.\n<br/><br/>\n\nThe Patients' spending on Medicare Services data accompanies the <a href=\"https://www.aihw.gov.au/reports/health-welfare-expenditure/patient-out-pocket-spending-medicare-2016-17/contents/summary\" target=\"_blank\">Patients' out-of-pocket spending on Medicare services 2016-17 Report</a>.\n<br/><br/>\n\nFor further information about this dataset, visit the data source:\n<a href=\"https://www.aihw.gov.au/reports/health-welfare-expenditure/patient-out-pocket-spending-medicare-2016-17/data\" target=\"_blank\">Australian Institute of Health and Welfare - Patients' out-of-pocket spending on Medicare services Data Tables.</a>\n<br/><br/>\n\nPlease note:\n<ul>\n<li>AURIN has spatially enabled the original data.</li>\n<li>GP attendances are Medicare-subsidised patient/doctor encounters, such as visits and consultations, for which the patient has not been referred by another doctor. GP attendances exclude services provided by practice nurses and Aboriginal and Torres Strait Islander health practitioners on a GP's behalf.</li>\n<li>Out-of-pocket cost per service is the net cost to the patient of a health service, after deducting the Medicare benefit paid. The measure is calculated per patient (patients' annual out-of-pocket cost for eligible attendances, divided by the number of eligible attendances that the patient claimed in the year), for patients with out-of-pocket costs.</li>\n<li>The data is based on the patient's Medicare enrolment postcode, not where they received the health care service. Most peoples' Medicare enrolment postcode will be their residential postcode.</li>\n<li>If a service was flagged as bulk-billed, then the fee charged was set to equal the benefit paid (so there was no out-of-pocket cost for that service).</li>\n<li>Patients were excluded if the sum of eligible services in the year was less than one, or if their annual out-of-pocket expenditure on the eligible services was equal to or less than zero.</li>\n<li>Includes non-hospital Medicare-subsidised services only.</li>\n<li>NP - Not available for publication. The estimate is considered to be unreliable. Values assigned to NP in the original data have been set to null.</li>\n</ul>","selectedAttributes":[{"name":"sa3_code","type":"String","title":"SA3 Code","description":"SA3 code.","stype":"ratio","isDimension":false},{"name":"sa3_name","type":"String","title":"SA3 Name","description":"SA3 name.","stype":"ratio","isDimension":false},{"name":"remoteness_socioeconomic_status","type":"String","title":"Remoteness/Socio-economic status","description":"Remoteness/socio-economic status.","stype":"ratio","isDimension":false},{"name":"perc_patients_gp_csts","type":"Double","title":"Per Cent Of Patients With GP Costs (%)","description":"Per cent of patients with GP costs.","stype":"ratio","isDimension":false},{"name":"oop_cst_gp_attnd_50th_percile","type":"Integer","title":"Out-Of-Pocket Cost Per GP Attendance - 50th Percentile ($)","description":"Out-of-pocket cost per GP attendance - 50th percentile.","stype":"ratio","isDimension":false}],"filter":{"filterType":"tabular","feature":{"key":"sa3_code","geoLevel":"sa3_2016","geoField":"ignored","year":"2006","featureBbox":[144.33363404800002,-38.50298801599996,145.8784120140001,-37.17509899299995],"featureType":"gccsa_2016","featureInstance":"2GMEL","featureName":"Greater Melbourne","referenceSystemIdentifier":"urn:x-ogc:def:crs:EPSG:4283","prefix":"","keyTransform":null},"states":["2"]}}