{"organisation":"VIC_Govt_VicRoads","name":"vicroads_traffic_volume_2017","title":"VicRoads - Traffic Volume (Polyline) 2017","legal":{"attribution":"{datasource.organisationTitle}, ({dataset.attributionYear}): {dataset.title}; accessed from AURIN on {dateOfAccess}.","attributionYear":"2018","clickthrough":false,"copyrightNotice":"&copy; {datasource.organisationTitle} {dataset.copyrightYear}","copyrightYear":"2018","licenceType":"Creative Commons Attribution 4.0 International (CC BY 4.0)"},"referenceSystemIdentifier":"urn:x-ogc:def:crs:EPSG:4283","geoLevel":"NA","key":"ogc_fid","keyRegex":null,"availability":"true","geomField":"wkb_geometry","keyword":"vicroads,traffic,volume,freeway,arterial,aadt,trucks","theme":null,"temporalExtent":{"beginDate":"2015-06-01T00:00:00","endDate":"2017-03-27T00:00:00","selectTime":false},"type":"dataset","_id":"dataset-VIC_Govt_VicRoads-vicroads_traffic_volume_2017-NA","bbox":null,"abstract":"This data shows traffic volumes for freeways (excluding toll roads) and arterial roads in Victoria. The annual average daily traffic volume is provided, including the number of commercial vehicles. The data provided is for the current year, with values derived from traffic surveys or estimates.<br/><br/>\n\nFor more information please visit the <a href=\"https://vicroadsopendata-vicroadsmaps.opendata.arcgis.com/datasets/traffic-volume\" target=\"_blank\">VicRoads Open Data Portal</a>.","selectedAttributes":[{"name":"ogc_fid","type":"Integer","title":"Unique Feature Identifier","description":"Unique object identifier.","isDimension":false},{"name":"allveh_ampeak","type":"String","title":"AM Peak All Vehicles","description":"Highest hourly vehicle flow between midnight and midday.","isDimension":false},{"name":"allveh_calc","type":"String","title":"Calculation Type All Vehicles","description":"Calculation type used for all vehicle volume. 'A' actual volume; 'E' estimated volume","isDimension":false},{"name":"allveh_pmpeak","type":"String","title":"PM Peak All Vehicles ","description":"Highest hourly vehicle flow between midday and midnight.","isDimension":false},{"name":"allvehs_aadt","type":"Integer","title":"Annual Average Daily Traffic All Vehicles","description":"Yearly volume for all vehicles divided by 365.","isDimension":false},{"name":"allvehs_mmw","type":"Integer","title":"Median Midweek Volume All Vehicles","description":"24 hour median midweek volume for all vehicles over Tues, Wed, Thurs.","isDimension":false},{"name":"ci","type":"String","title":"Confidence interval","description":"Confidence Interval on the growth rate. e.g. 0.27% Means that the volume on this homogeneous flow is growing at the Growth Rate +/- 0.27%.","isDimension":false},{"name":"flow","type":"String","title":"Flow","description":"Direction of traffic flow measured e.g East Bound.","isDimension":false},{"name":"growth_rate","type":"String","title":"Growth Rate ","description":"Logarithmic annual growth rate of volume at 95% confidence level. E.g 1.9% indicate that the homogeneous volume is growing by 1.9% a year.","isDimension":false},{"name":"hmgns_flow_id","type":"Integer","title":"Homogeneous Flow Identifier","description":"Homogeneous flow id eg 1234. An internal reference for Homogenous Flow. Homogeneous flow - The traffic volume information associated with the traffic flow along a link that is representative of all travel along the whole link","isDimension":false},{"name":"hmgns_lnk_desc","type":"String","title":"Homogeneous Link Description","description":"Homogeneous link description eg BRIDGE ROAD btwn LENNOX STREET & CHURCH STREET.","isDimension":false},{"name":"hmgns_lnk_id","type":"Integer","title":"Homogeneous Link Identifier","description":"Homogeneous link ID.","isDimension":false},{"name":"label","type":"String","title":"Label","description":"24hr Annual Average Daily Traffic volume for all vehicles and 24hr Trucks.","isDimension":false},{"name":"location_id","type":"String","title":"Location Identifier","description":"System generated unique identifier assigned to every planned roadwork or event.","isDimension":false},{"name":"midpnt_lat","type":"Double","title":"Latitude","description":"Latitude of midpoint of length segment.","isDimension":false},{"name":"midpnt_lon","type":"Double","title":"Longitude","description":"Longitude of midpoint of length segment.","isDimension":false},{"name":"objectid","type":"Integer","title":"objectid","description":"objectid","isDimension":false},{"name":"per_trucks","type":"String","title":"Percent Trucks","description":"Percentage of trucks that make up the All Vehicle volume.","isDimension":false},{"name":"truck_calc","type":"String","title":"Truck Calculation","description":"Calculation type used for truck volume. 'A' actual volume; 'E' estimated volume.","isDimension":false},{"name":"trucks_aadt","type":"Integer","title":"Annual Average Daily Traffic Trucks","description":"Yearly volume for trucks divided by 365.","isDimension":false},{"name":"two_way_aadt","type":"String","title":"Annual Average Daily Traffic Two Way","description":"Two way yearly volume for all vehicles divided by 365.","isDimension":false},{"name":"wkb_geometry","type":"Geometry","title":"Geometry","description":"Geometry field.","isDimension":false},{"name":"yr","type":"Integer","title":"Year","description":"Year data is applicable. This is the current calendar year.","isDimension":false}],"filter":{"filterType":"tabular","spatial":{"bbox":[144.333634048,-38.502988016,145.878412014,-37.175098993]},"states":["2"]}}