{
   "accessToken":"1251853858013278209-jabLV7mmi625p1ZIE666pBrWHNB39z",
   "accessTokenSecret":"QLovh04gFgbr9ofIfUvOSqMzcsBIwfiI6DgsVwn6QVYCr",
   "consumerSecret":"PVOPOjhRDZzhacgSQAc9w4iSDqDgAEDIfVRsUhaiW8HcxTNawN",
   "consumerKey":"EuJltu6qF0so9zYJXJTNqIk80",
   "latitude":-37.88839993,
   "longitude":145.1139044,
   "dbName":"tweets",
   "userName": "admin",
   "passWord": "admin",
   "searchKeywords" : ["pollution","cleantraffic","polluted","air emissions","ozone","particles","dust","smoke",
                     "smoking","fumes","ozone", "layer","uv","litter","dirt","garbage","fire","rotten","trash",
                 "leakage","carbon","deforestation", "harmful","industries","factory","quality","pollutant",
                 "cigarette","drink","party","booze","dance","wine","alcohol","dinner","party","stuff","lavish",
                 "happy hours","pizza","burger","weed","restaurant","pub","bar","eat","rich","luxury","holiday",
                 "vacation","extravagant","expensive","gift","shopping","pleasure","concert","theatre",
                 "celebration","grand","music","jewellery","tree","plant","garden","conserve","exercise","green",
                 "natural","fit","run","environment","health","fresh","workout","weather","climate","water",
                 "vegan","save","earth","solar","energy","peace","yoga","park","nature","clean","collision",
                 "accident","crash","overspeeding","speed","road","rash","driving","fine","infringement",
                 "traffic","ticket","license","suspend","demerit","points","fatal","drunk","driving","dui",
                 "vicroads","emergency","crossing","traffic","blind turn"]
}