{"organisation":"VIC_Govt_VicRoads","name":"vicroads_crashes_2012_16","title":"VicRoads - Crashes (Point) 2012-2016","legal":{"attribution":"{datasource.organisationTitle}, ({dataset.attributionYear}): {dataset.title}; accessed from AURIN on {dateOfAccess}.","attributionYear":"2018","clickthrough":false,"copyrightNotice":"&copy; {datasource.organisationTitle} {dataset.copyrightYear}","copyrightYear":"2018","licenceType":"Creative Commons Attribution 4.0 International (CC BY 4.0)"},"referenceSystemIdentifier":"urn:x-ogc:def:crs:EPSG:4283","geoLevel":"NA","key":"ogc_fid","keyRegex":null,"availability":"true","geomField":"wkb_geometry","keyword":"points,transportation,VIC,network,sites,traffic,Victoria,accidents,crashes","theme":null,"temporalExtent":{"beginDate":"2012-01-01T00:00:00","endDate":"2016-12-31T00:00:00","selectTime":false},"type":"dataset","_id":"dataset-VIC_Govt_VicRoads-vicroads_crashes_2012_16-NA","bbox":null,"abstract":"This dataset presents fatal and injury causing crashes on Victorian roads during the five-year period of 2012 to 2016. This data allows users to analyse Victorian fatal and injury crash data based on time, location, conditions, crash type, road user type, object hit etc. Road Safety data is provided by VicRoads for educational and research purposes.<br/><br/>\n\nThis data is an archived snapshot which covers the crash data for the period of 2012 to 2016 acquired from the VicRoads API.<br/><br/>\n\nFor more information please visit the <a href=\"https://vicroadsopendata-vicroadsmaps.opendata.arcgis.com/datasets/crashes-last-five-years\" target=\"_blank\">VicRoads Open Data Portal</a>.\n","selectedAttributes":[{"name":"accident_year","type":"Integer","title":"Accident Year","description":"Accident Year","stype":"nominal","categories":[{"key":"2012","label":"2012"},{"key":"2013","label":"2013"},{"key":"2014","label":"2014"},{"key":"2015","label":"2015"},{"key":"2016","label":"2016"}],"filterValue":"2016","isDimension":true},{"name":"ogc_fid","type":"Integer","title":"Unique feature Identifier","description":"Unique feature Identifier.","isDimension":false},{"name":"latitude","type":"Double","title":"Latitude","description":"Latitude","isDimension":false},{"name":"lga_name","type":"String","title":"LGA Name","description":"LGA Name","isDimension":false},{"name":"longitude","type":"Double","title":"Longitude","description":"Longitude","isDimension":false},{"name":"severity","type":"String","title":"Severity","description":"Severity","isDimension":false},{"name":"wkb_geometry","type":"Geometry","title":"Geometry","description":"Geometry.","isDimension":false},{"name":"alcohol_related","type":"String","title":"Alcohol Related","description":"Alcohol Related","isDimension":false},{"name":"fatality","type":"Integer","title":"Fatality","description":"Fatality","isDimension":false}],"filter":{"filterType":"tabular","spatial":{"bbox":[144.333634048,-38.502988016,145.878412014,-37.175098993]},"where":"(accident_year IN ('2016'))","states":["2"]}}