sa2_name16, p_tot_tot, sa2_main16
"Prahran - Windsor",18120,"206061136"
"Collingwood",7631,"206071141"
"Hadfield",4593,"210031440"
"Fitzroy",10299,"206071142"
"Sunbury",9994,"210041240"
"Sunbury - South",21195,"210041241"
"Hughesdale",6286,"208021180"
"Point Cook - South",10361,"213051466"
"Blackburn South",8763,"207031162"
"Surrey Hills (East) - Mont Albert",8228,"207031167"
"Brighton East",12458,"208011170"
"Cheltenham - Highett (West)",8580,"208011171"
"Yarra - North",7604,"206071145"
"Brunswick",22782,"206011105"
"Hampton",13871,"208011172"
"Melton",14821,"213041356"
"Melton South",17769,"213041357"
"Armadale",7611,"206061135"
"Brunswick East",9742,"206011106"
"Pascoe Vale South",7925,"206011109"
"Docklands",12718,"206041118"
"East Melbourne",6294,"206041119"
"Flemington Racecourse",243,"206041120"
"Bentleigh - McKinnon",17910,"208021174"
"Melton West",13079,"213041358"
"Aspendale Gardens - Waterways",7138,"208031183"
"Rockbank - Mount Cottrell",2763,"213041359"
"South Yarra - West",6387,"206041125"
"Bentleigh East (South)",10539,"208021427"
"Taylors Hill",13586,"213041360"
"Burnside",3746,"213041461"
"Murrumbeena",7660,"208021181"
"Braeside",90,"208031184"
"Hawthorn East",12831,"207011152"
"Doncaster East (South)",11765,"207021425"
"Blackburn",17358,"207031161"
"Southbank",23934,"206041126"
"Carnegie",15423,"208021176"
"Chelsea Heights",4216,"208031187"
"Coburg",21803,"206011108"
"Brunswick West",11755,"206011107"
"Alphington - Fairfield",7399,"206021110"
"Airport West",6334,"210011226"
"Ormond - Glen Huntly",11080,"208021182"
"West Melbourne",0,"206041127"
"Wallan",12263,"209041224"
"Whittlesea",6421,"209041225"
"Doreen",14653,"209041430"
"Northcote",20397,"206021111"
"Carlton",19453,"206041117"
"Thornbury",15368,"206021112"
"Port Melbourne",13759,"206051130"
"Ascot Vale",12036,"206031113"
"Essendon - Aberfeldie",22948,"206031114"
"Wollert",6778,"209041437"
"Flemington",8577,"206031115"
"Kensington (Vic.)",9177,"206041121"
"Keilor East",21708,"210011229"
"Moonee Ponds",11918,"206031116"
"Melbourne",55855,"206041122"
"North Melbourne",20238,"206041123"
"Parkville",8707,"206041124"
"Albert Park",14397,"206051128"
"Elwood",12899,"206051129"
"Port Melbourne Industrial",5,"206051131"
"Caulfield - South",14485,"208021178"
"Niddrie - Essendon West",5593,"210011230"
"South Melbourne",10424,"206051132"
"South Yarra - East",20117,"206061137"
"St Kilda",25387,"206051133"
"St Kilda East",14274,"206051134"
"Toorak",11440,"206061138"
"Fitzroy North",10560,"206071143"
"Richmond (Vic.)",27891,"206071144"
"Abbotsford",7622,"206071139"
"Carlton North - Princes Hill",7411,"206071140"
"Ashburton (Vic.)",6036,"207011146"
"Elsternwick",9178,"208021179"
"Balwyn",13304,"207011147"
"Camberwell",17475,"207011149"
"Balwyn North",16450,"207011148"
"Kew",21054,"207011153"
"Glen Iris - East",13046,"207011150"
"Hawthorn",20169,"207011151"
"Greensborough",16379,"209011197"
"Kew East",5145,"207011154"
"Surrey Hills (West) - Canterbury",13206,"207011155"
"Bulleen",9362,"207021156"
"Doncaster",18105,"207021157"
"Templestowe",13979,"207021159"
"Caroline Springs",14797,"213041463"
"Templestowe Lower",11252,"207021160"
"Caulfield - North",17106,"208021177"
"Doncaster East (North)",12270,"207021424"
"Box Hill",17960,"207031163"
"Bentleigh East (North)",11584,"208021426"
"Box Hill North",14500,"207031164"
"Burwood",11277,"207031165"
"Burwood East",8863,"207031166"
"Beaumaris",10652,"208011168"
"Essendon Airport",0,"210011227"
"Brighton (Vic.)",18602,"208011169"
"Sandringham - Black Rock",13272,"208011173"
"Carrum - Patterson Lakes",9408,"208031185"
"Chelsea - Bonbeach",11627,"208031186"
"Cheltenham - Highett (East)",18232,"208031188"
"Mentone",10617,"208031190"
"Edithvale - Aspendale",9972,"208031189"
"Bundoora - East",8252,"209011196"
"Moorabbin - Heatherton",7305,"208031191"
"Moorabbin Airport",0,"208031192"
"Watsonia",7363,"209011204"
"Preston - West",10002,"209021429"
"Mordialloc - Parkdale",15879,"208031193"
"Kingsbury",10476,"209021205"
"Reservoir - East",22866,"209021207"
"Reservoir - West",20004,"209021208"
"Panton Hill - St Andrews",4087,"209031212"
"Plenty - Yarrambat",7425,"209031213"
"Malvern - Glen Iris",16775,"208041194"
"Research - North Warrandyte",5191,"209031214"
"Malvern East",17532,"208041195"
"Eltham",17920,"209031209"
"Hurstbridge",2670,"209031210"
"Kinglake",2950,"209031211"
"Heidelberg - Rosanna",12618,"209011198"
"Bundoora - West",5472,"209041217"
"Lalor",18634,"209041219"
"Epping - South",7208,"209041432"
"Cranbourne",15702,"212031300"
"Cranbourne East",18716,"212031301"
"Heidelberg West",11791,"209011199"
"Ivanhoe",9567,"209011200"
"Ivanhoe East - Eaglemont",6230,"209011201"
"Montmorency - Briar Hill",12809,"209011202"
"Viewbank - Yallambie",14709,"209011203"
"Preston - East",17154,"209021428"
"Mernda",12092,"209041434"
"South Morang (North)",8888,"209041435"
"Wattle Glen - Diamond Creek",10764,"209031215"
"Epping - East",10565,"209041431"
"Bundoora - North",6316,"209041216"
"Epping - West",7985,"209041433"
"Mill Park - North",14825,"209041220"
"Mill Park - South",9809,"209041221"
"Thomastown",17056,"209041223"
"South Morang (South)",9494,"209041436"
"Keilor",6918,"210011228"
"Strathmore",7456,"210011231"
"Gisborne",9649,"210021232"
"Macedon",2564,"210021233"
"Riddells Creek",3075,"210021234"
"Romsey",7346,"210021235"
"Coburg North",6353,"210031236"
"Fawkner",10910,"210031237"
"Gowanbrae",2233,"210031439"
"Glenroy",18309,"210031438"
"Melbourne Airport",806,"210051248"
"Dingley Village",8336,"212041313"
"Pascoe Vale",19237,"210031239"
"Tullamarine",5759,"210051250"
"Broadmeadows",10585,"210051242"
"Meadow Heights",11389,"210051247"
"Campbellfield - Coolaroo",12583,"210051243"
"Gladstone Park - Westmeadows",14678,"210051245"
"Greenvale - Bulla",13048,"210051246"
"Ardeer - Albion",6670,"213011328"
"Croydon South",3721,"211031452"
"Craigieburn - Central",6524,"210051441"
"Craigieburn - North",8260,"210051442"
"Roxburgh Park - Somerton",16171,"210051249"
"Rowville - South",8565,"211011258"
"Wantirna",11919,"211011259"
"Wantirna South",15264,"211011260"
"Craigieburn - West",10286,"210051444"
"Mickleham - Yuroke",2659,"210051445"
"Bayswater",9986,"211011251"
"Knoxfield - Scoresby",12164,"211011254"
"Croydon Hills - Warranwood",14175,"211031265"
"Ringwood",14102,"211031266"
"Craigieburn - South",12509,"210051443"
"Lysterfield",5253,"211011255"
"Rowville - North",6245,"211011257"
"Rowville - Central",12487,"211011256"
"Boronia",18174,"211011446"
"Ferntree Gully (North)",11400,"211011447"
"Ferntree Gully (South) - Upper Ferntree Gully",11874,"211011448"
"Ringwood East",16507,"211031267"
"Ringwood North",7527,"211031268"
"The Basin",3337,"211011449"
"Donvale - Park Orchards",12849,"211021261"
"Warrandyte - Wonga Park",7979,"211021262"
"Hallam",8650,"212021297"
"Croydon - East",12269,"211031450"
"Croydon - West",10832,"211031451"
"Forest Hill",9000,"211041269"
"Mitcham (Vic.)",13060,"211041270"
"Bayswater North",9466,"211031263"
"Belgrave - Selby",7852,"211051274"
"Vermont",8181,"211041272"
"Vermont South",9924,"211041273"
"Lilydale - Coldstream",14894,"211051278"
"Monbulk - Silvan",4372,"211051279"
"Narre Warren North",6287,"212021299"
"Endeavour Hills - North",9742,"212021453"
"Nunawading",9660,"211041271"
"Chirnside Park",7883,"211051275"
"Healesville - Yarra Glen",11118,"211051276"
"Kilsyth",7370,"211051277"
"Montrose",5393,"211051280"
"Mooroolbark",17385,"211051281"
"Mount Dandenong - Olinda",7684,"211051282"
"Lynbrook - Lyndhurst",11261,"212031306"
"Pearcedale - Tooradin",6071,"212031308"
"Pakenham - North",13850,"212011291"
"Koo Wee Rup",5828,"212011290"
"Mount Evelyn",7558,"211051283"
"Endeavour Hills - South",10914,"212021454"
"Upwey - Tecoma",7637,"211051284"
"Wandin - Seville",5887,"211051285"
"Yarra Valley",12856,"211051286"
"Beaconsfield - Officer",10042,"212011287"
"Bunyip - Garfield",6771,"212011288"
"Emerald - Cockatoo",13914,"212011289"
"Pakenham - South",21150,"212011292"
"Berwick - North",18700,"212021293"
"Berwick - South",18880,"212021294"
"Doveton",9270,"212021295"
"Narre Warren - North East",10616,"212021455"
"Narre Warren - South West",11256,"212021456"
"Cranbourne North",14955,"212031302"
"Cranbourne South",6960,"212031303"
"Cranbourne West",11263,"212031304"
"Hampton Park - Lynbrook",19843,"212031305"
"Narre Warren South (East)",9946,"212031457"
"Clayton South",10821,"212041310"
"Narre Warren South (West)",12577,"212031458"
"Clarinda - Oakleigh South",10013,"212041309"
"Dandenong",25507,"212041311"
"Dandenong North",18383,"212041312"
"Noble Park - East",10556,"212041459"
"Keysborough",20982,"212041314"
"Noble Park North",6176,"212041316"
"Springvale",18433,"212041317"
"Springvale South",10379,"212041318"
"Noble Park - West",15459,"212041460"
"Ashwood - Chadstone",15232,"212051319"
"Clayton",22253,"212051320"
"Glen Waverley - East",17752,"212051321"
"Glen Waverley - West",16783,"212051322"
"Mount Waverley - North",12810,"212051323"
"Mount Waverley - South",15251,"212051324"
"Mulgrave",16213,"212051325"
"Oakleigh - Huntingdale",17905,"212051326"
"Wheelers Hill",16595,"212051327"
"Cairnlea",7537,"213011329"
"Keilor Downs",10932,"213011332"
"Kings Park (Vic.)",11213,"213011333"
"Deer Park - Derrimut",20059,"213011330"
"Delahey",6894,"213011331"
"St Albans - North",16703,"213011334"
"Altona North",11447,"213021343"
"St Albans - South",14847,"213011335"
"Sydenham",9667,"213011339"
"Sunshine North",9657,"213011337"
"Altona",10447,"213021341"
"Altona Meadows",15783,"213021342"
"Sunshine",8066,"213011336"
"Sunshine West",15416,"213011338"
"Taylors Lakes",14515,"213011340"
"Newport",13852,"213021344"
"Seabrook",4008,"213021345"
"Williamstown",12546,"213021346"
"West Footscray - Tottenham",9530,"213031351"
"Braybrook",15326,"213031347"
"Hoppers Crossing - South",15575,"213051362"
"Footscray",15069,"213031348"
"Yarraville",11915,"213031352"
"Bacchus Marsh",15893,"213041353"
"Hillside",15446,"213041355"
"Maribyrnong",10465,"213031349"
"Seddon - Kingsville",7430,"213031350"
"Burnside Heights",4282,"213041462"
"Hoppers Crossing - North",15317,"213051361"
"Laverton",7489,"213051363"
"Tarneit",25103,"213051365"
"Truganina",17343,"213051366"
"Werribee - South",9714,"213051368"
"Wyndham Vale",16974,"213051369"
"Point Cook - East",9145,"213051464"
"Point Cook - North",16942,"213051465"
"Werribee - East",15770,"213051467"
"Werribee - West",9516,"213051468"
"Carrum Downs",16404,"214011370"
"Frankston",19463,"214011371"
"Frankston North",15671,"214011372"
"Skye - Sandhurst",9868,"214011376"
"Frankston South",14562,"214011373"
"Langwarrin",18779,"214011374"
"Point Nepean",13832,"214021383"
"Seaford (Vic.)",13491,"214011375"
"Dromana",9074,"214021377"
"Flinders",4440,"214021378"
"Hastings - Somers",17771,"214021379"
"Mornington",19501,"214021380"
"Mount Eliza",13717,"214021381"
"Mount Martha",13913,"214021382"
"Rosebud - McCrae",17461,"214021384"
"Somerville",14491,"214021385"
