{"organisation":"AU_Govt_ABS_Census","name":"sa2_p17c_total_weekly_income_by_age_by_sex_census_2016","title":"SA2-P17c Total Personal Weekly Income by Age by Sex-Census 2016","legal":{"attribution":"{datasource.organisationTitle}, ({dataset.attributionYear}): {dataset.title}; accessed from AURIN on {dateOfAccess}.","attributionYear":"2017","clickthrough":false,"copyrightNotice":"&copy; {datasource.organisationTitle} {dataset.copyrightYear}","copyrightYear":"2017","licenceType":"Creative Commons Attribution 2.5 Australia (CC BY 2.5 AU)"},"referenceSystemIdentifier":"urn:x-ogc:def:crs:EPSG:4283","geoLevel":"sa2_2016","key":"sa2_main16","keyRegex":null,"availability":"true","geomField":"wkb_geometry","keyword":"census,2016,pep,p17c,weekly income,personal income,age,sex,place of enumeration profile","theme":null,"temporalExtent":{"beginDate":"2016-08-09T00:00:00","endDate":"2016-08-11T00:00:00","selectTime":false},"type":"dataset","_id":"dataset-AU_Govt_ABS_Census-sa2_p17c_total_weekly_income_by_age_by_sex_census_2016-sa2_2016","bbox":null,"abstract":"SA2 based data for Total Personal Income (Weekly) by Age by Sex, in Place of Enumeration Profile (PEP), 2016 Census. Count of persons aged 15 years and over. P17 is broken up into 3 sections (P17a - P17c), this section contains 'Persons $650-$799 Age 15-19 years' - 'Persons Total Total'. The data is by SA2 2016 boundaries. Periodicity: 5-Yearly. <br/>\nNote: There are small random adjustments made to all cell values to protect the confidentiality of data. These adjustments may cause the sum of rows or columns to differ by small amounts from table totals.<br/>\nFor more information visit the data source: <a href=http://www.abs.gov.au/census>http://www.abs.gov.au/census</a>. ","selectedAttributes":[{"name":"sa2_main16","type":"String","title":"SA2 Code 2016","description":"SA2 Code 2016.","stype":"nominal","isDimension":false},{"name":"sa2_name16","type":"String","title":"SA2 Name 2016","description":"SA2 Name 2016.","stype":"nominal","isDimension":false},{"name":"p_tot_tot","type":"Integer","title":"Persons Total Total","description":"Persons Total Total.","stype":"ratio","isDimension":false}],"filter":{"filterType":"tabular","feature":{"key":"sa2_main16","geoLevel":"sa2_2016","geoField":"ignored","year":"2006","featureBbox":[144.33363404800002,-38.50298801599996,145.8784120140001,-37.17509899299995],"featureType":"gccsa_2016","featureInstance":"2GMEL","featureName":"Greater Melbourne","referenceSystemIdentifier":"urn:x-ogc:def:crs:EPSG:4283","prefix":"","keyTransform":null},"states":["2"]}}