{"organisation":"AU_Govt_DEE","name":"national_pollutant_inventory_emission_2018","title":"National Pollutant Inventory - Emissions (Point) 2018","legal":{"attribution":"{datasource.organisationTitle}, ({dataset.attributionYear}): {dataset.title}; accessed from AURIN on {dateOfAccess}.","attributionYear":"2017","clickthrough":false,"copyrightNotice":"&copy; {datasource.organisationTitle} {dataset.copyrightYear}","copyrightYear":"2017","licenceType":"Creative Commons Attribution 4.0 International (CC BY 4.0)"},"referenceSystemIdentifier":"urn:x-ogc:def:crs:EPSG:4283","geoLevel":"NA","key":"oid","keyRegex":null,"availability":"true","geomField":"the_geom","keyword":"chemical,emission,points,national,pollution,pollutant,inventory,toxic,substance","theme":null,"temporalExtent":{"beginDate":"1998-06-30T00:00:00","endDate":"2016-07-01T00:00:00","selectTime":false},"type":"dataset","_id":"dataset-AU_Govt_DEE-national_pollutant_inventory_emission_2018-NA","bbox":null,"abstract":"This dataset presents the emission of toxic substances as points to describe the source of these substances. The data includes land, water and air emissions. The data is subdivided into specific substances and should therefore be used as a filter when viewing the data.<br/><br/>\n\nThis dataset is part of the National Pollutant Inventory Data, the NPI program provides a significant amount of information about emissions to the environment.<br/><br/>\n\nFor more information please visit the <a href=\"https://data.gov.au/dataset/npi\" target=\"_blank\">Australian Government Data Portal</a> and the <a href=\"http://www.npi.gov.au/\" target=\"_blank\">NPI</a>.","selectedAttributes":[{"name":"substance_name","type":"String","title":"Substance Name","description":"Name of the substance emitted.","stype":"nominal","categories":[{"key":"1,1,2,2-Tetrachloroethane","label":"1,1,2,2-Tetrachloroethane"},{"key":"1,1,2-Trichloroethane","label":"1,1,2-Trichloroethane"},{"key":"1,2-Dibromoethane","label":"1,2-Dibromoethane"},{"key":"1,2-Dichloroethane","label":"1,2-Dichloroethane"},{"key":"1,3-Butadiene (vinyl ethylene)","label":"1,3-Butadiene (vinyl ethylene)"},{"key":"2-Ethoxyethanol","label":"2-Ethoxyethanol"},{"key":"2-Ethoxyethanol acetate","label":"2-Ethoxyethanol acetate"},{"key":"2-Methoxyethanol","label":"2-Methoxyethanol"},{"key":"2-Methoxyethanol acetate","label":"2-Methoxyethanol acetate"},{"key":"Acetaldehyde","label":"Acetaldehyde"},{"key":"Acetic acid (ethanoic acid)","label":"Acetic acid (ethanoic acid)"},{"key":"Acetone","label":"Acetone"},{"key":"Acetonitrile","label":"Acetonitrile"},{"key":"Acrolein","label":"Acrolein"},{"key":"Acrylamide","label":"Acrylamide"},{"key":"Acrylic acid","label":"Acrylic acid"},{"key":"Acrylonitrile (2-propenenitrile)","label":"Acrylonitrile (2-propenenitrile)"},{"key":"Ammonia (total)","label":"Ammonia (total)"},{"key":"Aniline (benzenamine)","label":"Aniline (benzenamine)"},{"key":"Antimony & compounds","label":"Antimony & compounds"},{"key":"Arsenic & compounds","label":"Arsenic & compounds"},{"key":"Benzene","label":"Benzene"},{"key":"Benzene hexachloro- (HCB)","label":"Benzene hexachloro- (HCB)"},{"key":"Beryllium & compounds","label":"Beryllium & compounds"},{"key":"Biphenyl (1,1-biphenyl)","label":"Biphenyl (1,1-biphenyl)"},{"key":"Boron & compounds","label":"Boron & compounds"},{"key":"Cadmium & compounds","label":"Cadmium & compounds"},{"key":"Carbon disulfide","label":"Carbon disulfide"},{"key":"Carbon monoxide","label":"Carbon monoxide"},{"key":"Chlorine & compounds","label":"Chlorine & compounds"},{"key":"Chlorine dioxide","label":"Chlorine dioxide"},{"key":"Chloroethane (ethyl chloride)","label":"Chloroethane (ethyl chloride)"},{"key":"Chloroform (trichloromethane)","label":"Chloroform (trichloromethane)"},{"key":"Chlorophenols (di, tri, tetra)","label":"Chlorophenols (di, tri, tetra)"},{"key":"Chromium (III) compounds","label":"Chromium (III) compounds"},{"key":"Chromium (VI) compounds","label":"Chromium (VI) compounds"},{"key":"Cobalt & compounds","label":"Cobalt & compounds"},{"key":"Copper & compounds","label":"Copper & compounds"},{"key":"Cumene (1-methylethylbenzene)","label":"Cumene (1-methylethylbenzene)"},{"key":"Cyanide (inorganic) compounds","label":"Cyanide (inorganic) compounds"},{"key":"Cyclohexane","label":"Cyclohexane"},{"key":"Di-(2-Ethylhexyl) phthalate (DEHP)","label":"Di-(2-Ethylhexyl) phthalate (DEHP)"},{"key":"Dibutyl phthalate","label":"Dibutyl phthalate"},{"key":"Dichloromethane","label":"Dichloromethane"},{"key":"Ethanol","label":"Ethanol"},{"key":"Ethyl acetate","label":"Ethyl acetate"},{"key":"Ethylbenzene","label":"Ethylbenzene"},{"key":"Ethyl butyl ketone","label":"Ethyl butyl ketone"},{"key":"Ethylene glycol (1,2-ethanediol)","label":"Ethylene glycol (1,2-ethanediol)"},{"key":"Ethylene oxide","label":"Ethylene oxide"},{"key":"Fluoride compounds","label":"Fluoride compounds"},{"key":"Formaldehyde (methyl aldehyde)","label":"Formaldehyde (methyl aldehyde)"},{"key":"Glutaraldehyde","label":"Glutaraldehyde"},{"key":"Hydrochloric acid","label":"Hydrochloric acid"},{"key":"Hydrogen sulfide","label":"Hydrogen sulfide"},{"key":"Lead & compounds","label":"Lead & compounds"},{"key":"Magnesium oxide fume","label":"Magnesium oxide fume"},{"key":"Manganese & compounds","label":"Manganese & compounds"},{"key":"Mercury & compounds","label":"Mercury & compounds"},{"key":"Methanol","label":"Methanol"},{"key":"Methylenebis (phenylisocyanate)","label":"Methylenebis (phenylisocyanate)"},{"key":"Methyl ethyl ketone","label":"Methyl ethyl ketone"},{"key":"Methyl isobutyl ketone","label":"Methyl isobutyl ketone"},{"key":"Methyl methacrylate","label":"Methyl methacrylate"},{"key":"n-Hexane","label":"n-Hexane"},{"key":"Nickel carbonyl","label":"Nickel carbonyl"},{"key":"Nickel & compounds","label":"Nickel & compounds"},{"key":"Nickel subsulfide","label":"Nickel subsulfide"},{"key":"Nitric acid","label":"Nitric acid"},{"key":"Organo-tin compounds","label":"Organo-tin compounds"},{"key":"Oxides of Nitrogen","label":"Oxides of Nitrogen"},{"key":"Particulate Matter <=10.0 ?m (PM10)","label":"Particulate Matter <=10.0 ?m (PM10)"},{"key":"Particulate Matter <=2.5 ?m (PM2.5)","label":"Particulate Matter <=2.5 ?m (PM2.5)"},{"key":"Phenol","label":"Phenol"},{"key":"Phosphoric acid","label":"Phosphoric acid"},{"key":"Polychlorinated Biphenyls ","label":"Polychlorinated Biphenyls "},{"key":"Polychlorinated dioxins and furans (TEQ)","label":"Polychlorinated dioxins and furans (TEQ)"},{"key":"Polycyclic aromatic hydrocarbons (B[a]Peq)","label":"Polycyclic aromatic hydrocarbons (B[a]Peq)"},{"key":"Selenium & compounds","label":"Selenium & compounds"},{"key":"Styrene (ethenylbenzene)","label":"Styrene (ethenylbenzene)"},{"key":"Sulfur dioxide","label":"Sulfur dioxide"},{"key":"Sulfuric acid","label":"Sulfuric acid"},{"key":"Tetrachloroethylene","label":"Tetrachloroethylene"},{"key":"Toluene-2,4-diisocyanate","label":"Toluene-2,4-diisocyanate"},{"key":"Toluene (methylbenzene)","label":"Toluene (methylbenzene)"},{"key":"Total Nitrogen","label":"Total Nitrogen"},{"key":"Total Phosphorus","label":"Total Phosphorus"},{"key":"Total Volatile Organic Compounds","label":"Total Volatile Organic Compounds"},{"key":"Trichloroethylene","label":"Trichloroethylene"},{"key":"Vinyl Chloride Monomer","label":"Vinyl Chloride Monomer"},{"key":"Xylenes (individual or mixed isomers)","label":"Xylenes (individual or mixed isomers)"},{"key":"Zinc and compounds","label":"Zinc and compounds"}],"filterValue":"Carbon monoxide","isDimension":true},{"name":"oid","type":"Integer","title":"Unique Identifier","description":"Unique Identifier.","isDimension":false},{"name":"latitude","type":"Double","title":"Latitude","description":"Location of the facility which reported the emissions.","isDimension":false},{"name":"longitude","type":"Double","title":"Longitude","description":"Location of the facility which reported the emissions.","isDimension":false},{"name":"the_geom","type":"Geometry","title":"Geometry Field","description":"Geometry Field","isDimension":false},{"name":"suburb","type":"String","title":"Suburb","description":"Location of the facility which reported the emissions.","isDimension":false},{"name":"air_total_emission_kg","type":"Double","title":"Total Air Emissions (kg)","description":"Air emission amount in kilograms from all sources (point + fugitive). Emission estimation techniques for this amount are in air_point_eet and/or air_fugitive_eet.","isDimension":false}],"filter":{"filterType":"tabular","spatial":{"bbox":[144.333634048,-38.502988016,145.878412014,-37.175098993]},"where":"(substance_name IN ('Carbon monoxide'))","states":["2"]}}